,experiment_name,start_time,flow_rate,reaction_volume,tags,Cl2 LabJack: Cl2 reading minus zero (mV) baseline,Cl2 LabJack: Cl2 reading minus zero (mV) conversion,Cl2 LabJack: Cl2 reading minus zero (mV) conversion variance due to noise
0,10-10-24 Cl* Count w/ Excess CH4,53.37,200,510.3512955000001,UV_distance_conv=50,52.2225806451613,43.393548387096786,0.0028876170655567496
1,10-10-24 Cl* Count w/ Excess CH4,113.9,200,510.3512955000001,UV_distance_conv=50,53.2516129032258,44.0774193548387,0.002983003815469942
2,10-10-24 Cl* Count w/ Excess CH4,174.43,200,510.3512955000001,UV_distance_conv=50,54.06129032258062,44.61612903225804,0.0024939299340963534
3,10-10-24 Cl* Count w/ Excess CH4,234.8,200,510.3512955000001,UV_distance_conv=50,54.65806451612904,45.09354838709678,0.003922996878251846
