,experiment_name,start_time,flow_rate,reaction_volume,tags,Selected: CH4 (ppm) baseline,Selected: CH4 (ppm) conversion,Selected: CH4 (ppm) conversion variance due to noise,Cl2 LabJack: Cl2 reading minus zero (mV) baseline,Cl2 LabJack: Cl2 reading minus zero (mV) conversion,Cl2 LabJack: Cl2 reading minus zero (mV) conversion variance due to noise
0,01-16-25 Base Case,37.37,200,510.3512955000001,UV_distance_conv=50,31.845373555529946,17.406014316558526,0.00018905912660283406,100.59032258064512,69.85161290322577,0.0025858480749221973
1,01-16-25 Base Case,127.92,200,510.3512955000001,UV_distance_conv=50,31.12985302644816,16.88223793397521,0.0024738734824791987,102.11290322580642,70.5838709677419,0.0033704474505726898
2,01-30-25 Radical Count 1-2ppm P2,137.0,200,510.3512955000001,UV_distance_conv=50,,,,13.041935483870972,11.135483870967748,0.004158168574401784
3,01-30-25 Radical Count 1-2ppm P2,222.73,200,510.3512955000001,UV_distance_conv=50,,,,5.732258064516128,4.9645161290322575,0.004157127991675182
4,01-31-25 Realistic AMR,88.22,200,510.3512955000001,UV_distance_conv=50,2.0612967741935484,0.6058337113673067,3.967661188511153e-07,13.20967741935484,9.435483870967744,0.0038674991328475645
5,01-31-25 Realistic AMR,179.12,200,510.3512955000001,UV_distance_conv=50,2.031077419354839,0.6174212688338625,2.6938968127916227e-07,13.235483870967744,9.345161290322583,0.004016649323621148
6,01-31-25 Realistic AMR,270.18,200,510.3512955000001,UV_distance_conv=50,2.013725806451613,0.6291703931803672,1.735170087897511e-07,13.37096774193548,9.361290322580642,0.003959417273673311
7,01-31-25 Realistic AMR,361.08,200,510.3512955000001,UV_distance_conv=50,2.002474193548387,0.6432064516129032,1.6803601321087958e-07,13.458064516129031,9.403225806451612,0.002282344779743388
